"dataname","syn_group","html_path","region_name","syn_type","Most.similar.known.cluster","Similarity","Genus","strain_name","combined"
"GCF_037993025.1_NZ_CP141223.1.region027",5,"\\192.168.1.106\Pdisk7\yll\Streptomyces\antismash_results\GCF_037993025.1\index.html","#r1c27","NRP-metallophore,NRPS","coelichelin",1,"Streptomyces","GCF_037993025.1","GCF_037993025.1_coelichelin"
"GCF_009296025.1_NZ_CP045178.1.region026",5,"\\192.168.1.106\Pdisk7\yll\Streptomyces\antismash_results\GCF_009296025.1\index.html","#r1c26","NRP-metallophore,NRPS","coelichelin",1,"Streptomyces","GCF_009296025.1","GCF_009296025.1_coelichelin"
"GCF_016598615.1_NZ_CP066831.1.region011",5,"\\192.168.1.106\Pdisk7\yll\Streptomyces\antismash_results\GCF_016598615.1\index.html","#r1c11","NRP-metallophore,NRPS","coelichelin",1,"Streptomyces","GCF_016598615.1","GCF_016598615.1_coelichelin"
"GCF_036133475.1_NZ_CP108011.1.region012",5,"\\192.168.1.106\Pdisk7\yll\Streptomyces\antismash_results\GCF_036133475.1\index.html","#r1c12","NRP-metallophore,NRPS","coelichelin",1,"Streptomyces","GCF_036133475.1","GCF_036133475.1_coelichelin"
"GCF_035918055.1_NZ_CP109135.1.region010",5,"\\192.168.1.106\Pdisk7\yll\Streptomyces\antismash_results\GCF_035918055.1\index.html","#r1c10","NRP-metallophore,NRPS","coelichelin",1,"Streptomyces","GCF_035918055.1","GCF_035918055.1_coelichelin"
"GCF_035917195.1_NZ_CP108134.1.region010",5,"\\192.168.1.106\Pdisk7\yll\Streptomyces\antismash_results\GCF_035917195.1\index.html","#r1c10","NRP-metallophore,NRPS","coelichelin",1,"Streptomyces","GCF_035917195.1","GCF_035917195.1_coelichelin"
"GCF_035957715.1_NZ_CP108382.1.region023",5,"\\192.168.1.106\Pdisk7\yll\Streptomyces\antismash_results\GCF_035957715.1\index.html","#r1c23","NRP-metallophore,NRPS","coelichelin",1,"Streptomyces","GCF_035957715.1","GCF_035957715.1_coelichelin"
"GCF_045040175.1_NZ_CP109531.1.region022",5,"\\192.168.1.106\Pdisk7\yll\Streptomyces\antismash_results\GCF_045040175.1\index.html","#r1c22","NRP-metallophore,NRPS","coelichelin",1,"Streptomyces","GCF_045040175.1","GCF_045040175.1_coelichelin"
"GCF_045162745.1_NZ_CP108690.1.region022",5,"\\192.168.1.106\Pdisk7\yll\Streptomyces\antismash_results\GCF_045162745.1\index.html","#r1c22","NRP-metallophore,NRPS","coelichelin",1,"Streptomyces","GCF_045162745.1","GCF_045162745.1_coelichelin"
"GCF_045207355.1_NZ_CP108832.1.region010",5,"\\192.168.1.106\Pdisk7\yll\Streptomyces\antismash_results\GCF_045207355.1\index.html","#r1c10","NRP-metallophore,NRPS","coelichelin",1,"Streptomyces","GCF_045207355.1","GCF_045207355.1_coelichelin"
"GCF_014495705.1_NZ_CP061072.1.region034",41,"\\192.168.1.106\Pdisk7\yll\Streptomyces\antismash_results\GCF_014495705.1\index.html","#r1c34","NRP-metallophore,NRPS","griseobactin",1,"Streptomyces","GCF_014495705.1","GCF_014495705.1_griseobactin"
"GCF_035917915.1_NZ_CP109125.1.region003",41,"\\192.168.1.106\Pdisk7\yll\Streptomyces\antismash_results\GCF_035917915.1\index.html","#r1c3","NRP-metallophore,NRPS","griseobactin",1,"Streptomyces","GCF_035917915.1","GCF_035917915.1_griseobactin"
"GCF_036010525.1_NZ_CP108571.1.region003",41,"\\192.168.1.106\Pdisk7\yll\Streptomyces\antismash_results\GCF_036010525.1\index.html","#r1c3","NRP-metallophore,NRPS","griseobactin",1,"Streptomyces","GCF_036010525.1","GCF_036010525.1_griseobactin"
"GCF_045209825.1_NZ_CP109256.1.region003",41,"\\192.168.1.106\Pdisk7\yll\Streptomyces\antismash_results\GCF_045209825.1\index.html","#r1c3","NRP-metallophore,NRPS","griseobactin",1,"Streptomyces","GCF_045209825.1","GCF_045209825.1_griseobactin"
"GCF_045208495.1_NZ_CP109341.1.region032",41,"\\192.168.1.106\Pdisk7\yll\Streptomyces\antismash_results\GCF_045208495.1\index.html","#r1c32","NRP-metallophore,NRPS","griseobactin",1,"Streptomyces","GCF_045208495.1","GCF_045208495.1_griseobactin"
"GCF_045208455.1_NZ_CP109347.1.region031",41,"\\192.168.1.106\Pdisk7\yll\Streptomyces\antismash_results\GCF_045208455.1\index.html","#r1c31","NRP-metallophore,NRPS","griseobactin",1,"Streptomyces","GCF_045208455.1","GCF_045208455.1_griseobactin"
"GCF_045210015.1_NZ_CP109252.1.region031",41,"\\192.168.1.106\Pdisk7\yll\Streptomyces\antismash_results\GCF_045210015.1\index.html","#r1c31","NRP-metallophore,NRPS","griseobactin",1,"Streptomyces","GCF_045210015.1","GCF_045210015.1_griseobactin"
"GCF_036346915.1_NZ_CP107857.1.region031",41,"\\192.168.1.106\Pdisk7\yll\Streptomyces\antismash_results\GCF_036346915.1\index.html","#r1c31","NRP-metallophore,NRPS","griseobactin",1,"Streptomyces","GCF_036346915.1","GCF_036346915.1_griseobactin"
"GCF_036346555.1_NZ_CP107823.1.region031",41,"\\192.168.1.106\Pdisk7\yll\Streptomyces\antismash_results\GCF_036346555.1\index.html","#r1c31","NRP-metallophore,NRPS","griseobactin",1,"Streptomyces","GCF_036346555.1","GCF_036346555.1_griseobactin"
"GCF_045208205.1_NZ_CP109387.1.region031",41,"\\192.168.1.106\Pdisk7\yll\Streptomyces\antismash_results\GCF_045208205.1\index.html","#r1c31","NRP-metallophore,NRPS","griseobactin",1,"Streptomyces","GCF_045208205.1","GCF_045208205.1_griseobactin"
"GCF_003032475.1_NZ_CP028369.1.region031",13,"\\192.168.1.106\Pdisk7\yll\Streptomyces\antismash_results\GCF_003032475.1\index.html","#r1c31","NRP-metallophore,NRPS","scabichelin",1,"Streptomyces","GCF_003032475.1","GCF_003032475.1_scabichelin"
"GCF_035994185.1_NZ_CP108538.1.region023",13,"\\192.168.1.106\Pdisk7\yll\Streptomyces\antismash_results\GCF_035994185.1\index.html","#r1c23","NRP-metallophore,NRPS","scabichelin",1,"Streptomyces","GCF_035994185.1","GCF_035994185.1_scabichelin"
"GCF_029167005.1_NZ_CP119143.1.region005",13,"\\192.168.1.106\Pdisk7\yll\Streptomyces\antismash_results\GCF_029167005.1\index.html","#r1c5","NRP-metallophore,NRPS","scabichelin",1,"Streptomyces","GCF_029167005.1","GCF_029167005.1_scabichelin"
"GCF_037201975.1_NZ_CP147520.1.region025",13,"\\192.168.1.106\Pdisk7\yll\Streptomyces\antismash_results\GCF_037201975.1\index.html","#r1c25","NRP-metallophore,NRPS","scabichelin",1,"Streptomyces","GCF_037201975.1","GCF_037201975.1_scabichelin"
"GCF_024612015.1_NZ_CP102512.1.region034",13,"\\192.168.1.106\Pdisk7\yll\Streptomyces\antismash_results\GCF_024612015.1\index.html","#r1c34","NRP-metallophore,NRPS","scabichelin",1,"Streptomyces","GCF_024612015.1","GCF_024612015.1_scabichelin"
"GCF_024612035.1_NZ_CP102513.1.region004",13,"\\192.168.1.106\Pdisk7\yll\Streptomyces\antismash_results\GCF_024612035.1\index.html","#r1c4","NRP-metallophore,NRPS","scabichelin",1,"Streptomyces","GCF_024612035.1","GCF_024612035.1_scabichelin"
"GCF_036173105.1_NZ_CP108053.1.region007",13,"\\192.168.1.106\Pdisk7\yll\Streptomyces\antismash_results\GCF_036173105.1\index.html","#r1c7","NRP-metallophore,NRPS","scabichelin",1,"Streptomyces","GCF_036173105.1","GCF_036173105.1_scabichelin"
"GCF_025402955.1_NZ_CP104794.1.region002",13,"\\192.168.1.106\Pdisk7\yll\Streptomyces\antismash_results\GCF_025402955.1\index.html","#r1c2","NRP-metallophore,NRPS","scabichelin",1,"Streptomyces","GCF_025402955.1","GCF_025402955.1_scabichelin"
"GCF_022647665.1_NZ_CP071872.1.region017",13,"\\192.168.1.106\Pdisk7\yll\Streptomyces\antismash_results\GCF_022647665.1\index.html","#r1c17","NRP-metallophore,NRPS","scabichelin",1,"Streptomyces","GCF_022647665.1","GCF_022647665.1_scabichelin"
"GCF_036013895.1_NZ_CP107894.1.region019",13,"\\192.168.1.106\Pdisk7\yll\Streptomyces\antismash_results\GCF_036013895.1\index.html","#r1c19","NRP-metallophore,NRPS","scabichelin",1,"Streptomyces","GCF_036013895.1","GCF_036013895.1_scabichelin"
"GCF_021491675.1_NZ_CP090837.1.region012",27,"\\192.168.1.106\Pdisk7\yll\Streptomyces\antismash_results\GCF_021491675.1\index.html","#r1c12","NRP-metallophore,NRPS","albomycin delta2",1,"Streptomyces","GCF_021491675.1","GCF_021491675.1_albomycin delta2"
"GCF_045162865.1_NZ_CP108664.1.region018",27,"\\192.168.1.106\Pdisk7\yll\Streptomyces\antismash_results\GCF_045162865.1\index.html","#r1c18","NRP-metallophore,NRPS","albomycin delta2",1,"Streptomyces","GCF_045162865.1","GCF_045162865.1_albomycin delta2"
"GCF_045162705.1_NZ_CP109059.1.region017",27,"\\192.168.1.106\Pdisk7\yll\Streptomyces\antismash_results\GCF_045162705.1\index.html","#r1c17","NRP-metallophore,NRPS","albomycin delta2",1,"Streptomyces","GCF_045162705.1","GCF_045162705.1_albomycin delta2"
"GCF_035919765.1_NZ_CP109146.1.region017",27,"\\192.168.1.106\Pdisk7\yll\Streptomyces\antismash_results\GCF_035919765.1\index.html","#r1c17","NRP-metallophore,NRPS","albomycin delta2",1,"Streptomyces","GCF_035919765.1","GCF_035919765.1_albomycin delta2"
"GCF_036010305.1_NZ_CP108546.1.region017",27,"\\192.168.1.106\Pdisk7\yll\Streptomyces\antismash_results\GCF_036010305.1\index.html","#r1c17","NRP-metallophore,NRPS","albomycin delta2",1,"Streptomyces","GCF_036010305.1","GCF_036010305.1_albomycin delta2"
"GCF_003147545.1_NZ_CP029361.1.region017",27,"\\192.168.1.106\Pdisk7\yll\Streptomyces\antismash_results\GCF_003147545.1\index.html","#r1c17","NRP-metallophore,NRPS","albomycin delta2",1,"Streptomyces","GCF_003147545.1","GCF_003147545.1_albomycin delta2"
"GCF_016804005.1_NZ_CP051486.1.region027",220,"\\192.168.1.106\Pdisk7\yll\Streptomyces\antismash_results\GCF_016804005.1\index.html","#r1c27","NI-siderophore","desferrioxamin B/desferrioxamine E",1,"Streptomyces","GCF_016804005.1","GCF_016804005.1_desferrioxamin B/desferrioxamine E"
"GCF_036237335.1_NZ_CP108359.1.region013",224,"\\192.168.1.106\Pdisk7\yll\Streptomyces\antismash_results\GCF_036237335.1\index.html","#r1c13","NI-siderophore","desferrioxamin B/desferrioxamine E",1,"Streptomyces","GCF_036237335.1","GCF_036237335.1_desferrioxamin B/desferrioxamine E"
"GCF_045041085.1_NZ_CP108281.1.region014",224,"\\192.168.1.106\Pdisk7\yll\Streptomyces\antismash_results\GCF_045041085.1\index.html","#r1c14","NI-siderophore","desferrioxamin B/desferrioxamine E",1,"Streptomyces","GCF_045041085.1","GCF_045041085.1_desferrioxamin B/desferrioxamine E"
"GCF_035980495.1_NZ_CP108422.1.region016",224,"\\192.168.1.106\Pdisk7\yll\Streptomyces\antismash_results\GCF_035980495.1\index.html","#r1c16","NI-siderophore","desferrioxamin B/desferrioxamine E",1,"Streptomyces","GCF_035980495.1","GCF_035980495.1_desferrioxamin B/desferrioxamine E"
"GCF_045041275.1_NZ_CP108233.1.region014",224,"\\192.168.1.106\Pdisk7\yll\Streptomyces\antismash_results\GCF_045041275.1\index.html","#r1c14","NI-siderophore","desferrioxamin B/desferrioxamine E",1,"Streptomyces","GCF_045041275.1","GCF_045041275.1_desferrioxamin B/desferrioxamine E"
"GCF_045208385.1_NZ_CP109375.1.region015",224,"\\192.168.1.106\Pdisk7\yll\Streptomyces\antismash_results\GCF_045208385.1\index.html","#r1c15","NI-siderophore","desferrioxamin B/desferrioxamine E",1,"Streptomyces","GCF_045208385.1","GCF_045208385.1_desferrioxamin B/desferrioxamine E"
"GCF_045208435.1_NZ_CP109352.1.region015",224,"\\192.168.1.106\Pdisk7\yll\Streptomyces\antismash_results\GCF_045208435.1\index.html","#r1c15","NI-siderophore","desferrioxamin B/desferrioxamine E",1,"Streptomyces","GCF_045208435.1","GCF_045208435.1_desferrioxamin B/desferrioxamine E"
"GCF_045161875.1_NZ_CP108817.1.region013",224,"\\192.168.1.106\Pdisk7\yll\Streptomyces\antismash_results\GCF_045161875.1\index.html","#r1c13","NI-siderophore","desferrioxamin B/desferrioxamine E",1,"Streptomyces","GCF_045161875.1","GCF_045161875.1_desferrioxamin B/desferrioxamine E"
"GCF_036240075.1_NZ_CP108452.1.region014",224,"\\192.168.1.106\Pdisk7\yll\Streptomyces\antismash_results\GCF_036240075.1\index.html","#r1c14","NI-siderophore","desferrioxamin B/desferrioxamine E",1,"Streptomyces","GCF_036240075.1","GCF_036240075.1_desferrioxamin B/desferrioxamine E"
"GCF_036237255.1_NZ_CP108351.1.region013",224,"\\192.168.1.106\Pdisk7\yll\Streptomyces\antismash_results\GCF_036237255.1\index.html","#r1c13","NI-siderophore","desferrioxamin B/desferrioxamine E",1,"Streptomyces","GCF_036237255.1","GCF_036237255.1_desferrioxamin B/desferrioxamine E"
"GCF_016728625.1_NZ_CP068160.1.region004",18,"\\192.168.1.106\Pdisk7\yll\Corynebacterium\antismash_results\GCF_016728625.1\index.html","#r1c4","NI-siderophore","dehydroxynocardamine",1,"Corynebacterium","GCF_016728625.1","GCF_016728625.1_dehydroxynocardamine"
"GCF_023509315.1_NZ_CP091865.1.region003",18,"\\192.168.1.106\Pdisk7\yll\Corynebacterium\antismash_results\GCF_023509315.1\index.html","#r1c3","NI-siderophore","dehydroxynocardamine",1,"Corynebacterium","GCF_023509315.1","GCF_023509315.1_dehydroxynocardamine"
"GCF_030515735.1_NZ_CP100366.1.region002",18,"\\192.168.1.106\Pdisk7\yll\Corynebacterium\antismash_results\GCF_030515735.1\index.html","#r1c2","NI-siderophore","dehydroxynocardamine",1,"Corynebacterium","GCF_030515735.1","GCF_030515735.1_dehydroxynocardamine"
"GCF_030515635.1_NZ_CP100361.1.region001",18,"\\192.168.1.106\Pdisk7\yll\Corynebacterium\antismash_results\GCF_030515635.1\index.html","#r1c1","NI-siderophore","dehydroxynocardamine",1,"Corynebacterium","GCF_030515635.1","GCF_030515635.1_dehydroxynocardamine"
"GCF_016728665.1_NZ_CP068161.1.region001",18,"\\192.168.1.106\Pdisk7\yll\Corynebacterium\antismash_results\GCF_016728665.1\index.html","#r1c1","NI-siderophore","dehydroxynocardamine",1,"Corynebacterium","GCF_016728665.1","GCF_016728665.1_dehydroxynocardamine"
"GCF_000696675.2_NZ_CP007255.1.region014",12,"\\192.168.1.106\Pdisk7\yll\Rhodococcus\antismash_results\GCF_000696675.2\index.html","#r1c14","NRP-metallophore,NRPS","heterobactin A/heterobactin S2",1,"Rhodococcus","GCF_000696675.2","GCF_000696675.2_heterobactin A/heterobactin S2"
"GCF_002501585.1_NZ_CP023720.1.region011",12,"\\192.168.1.106\Pdisk7\yll\Rhodococcus\antismash_results\GCF_002501585.1\index.html","#r1c11","NRP-metallophore,NRPS","heterobactin A/heterobactin S2",1,"Rhodococcus","GCF_002501585.1","GCF_002501585.1_heterobactin A/heterobactin S2"
"GCF_017068035.1_NZ_CP070870.1.region010",12,"\\192.168.1.106\Pdisk7\yll\Rhodococcus\antismash_results\GCF_017068035.1\index.html","#r1c10","NRP-metallophore,NRPS","heterobactin A/heterobactin S2",1,"Rhodococcus","GCF_017068035.1","GCF_017068035.1_heterobactin A/heterobactin S2"
"GCF_000010105.1_NC_012490.1.region009",12,"\\192.168.1.106\Pdisk7\yll\Rhodococcus\antismash_results\GCF_000010105.1\index.html","#r1c9","NRP-metallophore,NRPS","heterobactin A/heterobactin S2",1,"Rhodococcus","GCF_000010105.1","GCF_000010105.1_heterobactin A/heterobactin S2"
"GCF_000975175.1_NZ_CP011295.1.region009",12,"\\192.168.1.106\Pdisk7\yll\Rhodococcus\antismash_results\GCF_000975175.1\index.html","#r1c9","NRP-metallophore,NRPS","heterobactin A/heterobactin S2",1,"Rhodococcus","GCF_000975175.1","GCF_000975175.1_heterobactin A/heterobactin S2"
"GCF_046271885.1_NZ_CP176576.1.region010",12,"\\192.168.1.106\Pdisk7\yll\Rhodococcus\antismash_results\GCF_046271885.1\index.html","#r1c10","NRP-metallophore,NRPS","heterobactin A/heterobactin S2",1,"Rhodococcus","GCF_046271885.1","GCF_046271885.1_heterobactin A/heterobactin S2"
"GCF_029958325.1_NZ_CP124545.1.region010",12,"\\192.168.1.106\Pdisk7\yll\Rhodococcus\antismash_results\GCF_029958325.1\index.html","#r1c10","NRP-metallophore,NRPS","heterobactin A/heterobactin S2",1,"Rhodococcus","GCF_029958325.1","GCF_029958325.1_heterobactin A/heterobactin S2"
"GCF_036669995.1_NZ_CP133326.1.region009",12,"\\192.168.1.106\Pdisk7\yll\Rhodococcus\antismash_results\GCF_036669995.1\index.html","#r1c9","NRP-metallophore,NRPS","heterobactin A/heterobactin S2",1,"Rhodococcus","GCF_036669995.1","GCF_036669995.1_heterobactin A/heterobactin S2"
"GCF_021497645.1_NZ_CP032403.1.region009",12,"\\192.168.1.106\Pdisk7\yll\Rhodococcus\antismash_results\GCF_021497645.1\index.html","#r1c9","NRP-metallophore,NRPS","heterobactin A/heterobactin S2",1,"Rhodococcus","GCF_021497645.1","GCF_021497645.1_heterobactin A/heterobactin S2"
"GCF_030520245.1_NZ_CP130487.1.region031",78,"\\192.168.1.106\Pdisk7\yll\Streptomyces\antismash_results\GCF_030520245.1\index.html","#r1c31","NRP-metallophore,NRPS,butyrolactone","qinichelins",0.88,"Streptomyces","GCF_030520245.1","GCF_030520245.1_qinichelins"
"GCF_044336695.1_NZ_CP117521.1.region028",78,"\\192.168.1.106\Pdisk7\yll\Streptomyces\antismash_results\GCF_044336695.1\index.html","#r1c28","NRP-metallophore,NRPS,butyrolactone,T1PKS","qinichelins",0.88,"Streptomyces","GCF_044336695.1","GCF_044336695.1_qinichelins"
"GCF_013394065.1_NZ_CP040752.1.region030",78,"\\192.168.1.106\Pdisk7\yll\Streptomyces\antismash_results\GCF_013394065.1\index.html","#r1c30","NRP-metallophore,NRPS,T1PKS","qinichelins",0.88,"Streptomyces","GCF_013394065.1","GCF_013394065.1_qinichelins"
"GCF_020099395.1_NZ_CP083590.1.region032",78,"\\192.168.1.106\Pdisk7\yll\Streptomyces\antismash_results\GCF_020099395.1\index.html","#r1c32","NRP-metallophore,NRPS","qinichelins",0.83,"Streptomyces","GCF_020099395.1","GCF_020099395.1_qinichelins"
"GCF_022759525.1_NZ_CP094262.1.region032",78,"\\192.168.1.106\Pdisk7\yll\Streptomyces\antismash_results\GCF_022759525.1\index.html","#r1c32","NRP-metallophore,NRPS","qinichelins",0.83,"Streptomyces","GCF_022759525.1","GCF_022759525.1_qinichelins"
"GCF_022220465.1_NZ_CP092051.1.region031",78,"\\192.168.1.106\Pdisk7\yll\Streptomyces\antismash_results\GCF_022220465.1\index.html","#r1c31","NRP-metallophore,NRPS","qinichelins",0.83,"Streptomyces","GCF_022220465.1","GCF_022220465.1_qinichelins"
"GCF_017916255.1_NZ_CP072827.1.region003",78,"\\192.168.1.106\Pdisk7\yll\Streptomyces\antismash_results\GCF_017916255.1\index.html","#r1c3","NRPS,NRP-metallophore","qinichelins",0.83,"Streptomyces","GCF_017916255.1","GCF_017916255.1_qinichelins"
"GCF_041519305.1_NZ_CP167927.1.region039",129,"\\192.168.1.106\Pdisk7\yll\Streptomyces\antismash_results\GCF_041519305.1\index.html","#r1c39","T1PKS,terpene,NRP-metallophore,hserlactone,NRPS","qinichelins",0.83,"Streptomyces","GCF_041519305.1","GCF_041519305.1_qinichelins"
"GCF_036226765.1_NZ_CP109017.1.region005",50,"\\192.168.1.106\Pdisk7\yll\Streptomyces\antismash_results\GCF_036226765.1\index.html","#r1c5","NRP-metallophore,NRPS","paenibactin",0.83,"Streptomyces","GCF_036226765.1","GCF_036226765.1_paenibactin"
"GCF_023923245.1_NZ_CP099468.1.region011",50,"\\192.168.1.106\Pdisk7\yll\Streptomyces\antismash_results\GCF_023923245.1\index.html","#r1c11","NRP-metallophore,NRPS","paenibactin",0.83,"Streptomyces","GCF_023923245.1","GCF_023923245.1_paenibactin"
"GCF_013085465.1_NZ_CP049838.1.region004",50,"\\192.168.1.106\Pdisk7\yll\Streptomyces\antismash_results\GCF_013085465.1\index.html","#r1c4","NRP-metallophore,NRPS","paenibactin",0.83,"Streptomyces","GCF_013085465.1","GCF_013085465.1_paenibactin"
"GCF_035983595.1_NZ_CP130718.1.region006",50,"\\192.168.1.106\Pdisk7\yll\Streptomyces\antismash_results\GCF_035983595.1\index.html","#r1c6","NRP-metallophore,NRPS","paenibactin",0.83,"Streptomyces","GCF_035983595.1","GCF_035983595.1_paenibactin"
"GCF_045040885.1_NZ_CP108304.1.region026",50,"\\192.168.1.106\Pdisk7\yll\Streptomyces\antismash_results\GCF_045040885.1\index.html","#r1c26","NRP-metallophore,NRPS","paenibactin",0.83,"Streptomyces","GCF_045040885.1","GCF_045040885.1_paenibactin"
"GCF_045161545.1_NZ_CP109046.1.region021",50,"\\192.168.1.106\Pdisk7\yll\Streptomyces\antismash_results\GCF_045161545.1\index.html","#r1c21","NRP-metallophore,NRPS","paenibactin",0.83,"Streptomyces","GCF_045161545.1","GCF_045161545.1_paenibactin"
"GCF_028473745.1_NZ_CP101137.1.region021",50,"\\192.168.1.106\Pdisk7\yll\Streptomyces\antismash_results\GCF_028473745.1\index.html","#r1c21","NRP-metallophore,NRPS","paenibactin",0.83,"Streptomyces","GCF_028473745.1","GCF_028473745.1_paenibactin"
"GCF_011820545.1_NZ_CP050504.1.region003",50,"\\192.168.1.106\Pdisk7\yll\Streptomyces\antismash_results\GCF_011820545.1\index.html","#r1c3","NRP-metallophore,NRPS","paenibactin",0.83,"Streptomyces","GCF_011820545.1","GCF_011820545.1_paenibactin"
"GCF_044591655.1_NZ_CP172448.1.region004",50,"\\192.168.1.106\Pdisk7\yll\Streptomyces\antismash_results\GCF_044591655.1\index.html","#r1c4","NRP-metallophore,NRPS","paenibactin",0.83,"Streptomyces","GCF_044591655.1","GCF_044591655.1_paenibactin"
"GCF_027270315.1_NZ_CP114413.1.region002",50,"\\192.168.1.106\Pdisk7\yll\Streptomyces\antismash_results\GCF_027270315.1\index.html","#r1c2","NRP-metallophore,NRPS","paenibactin",0.83,"Streptomyces","GCF_027270315.1","GCF_027270315.1_paenibactin"
"GCF_020809105.1_NZ_CP083101.1.region008",1,"\\192.168.1.106\Pdisk7\yll\Bacillus_new\antismash_results\GCF_020809105.1\index.html","#r1c8","NI-siderophore","petrobactin",1,"Bacillus","GCF_020809105.1","GCF_020809105.1_petrobactin"
"GCF_020809145.1_NZ_CP083116.1.region008",1,"\\192.168.1.106\Pdisk7\yll\Bacillus_new\antismash_results\GCF_020809145.1\index.html","#r1c8","NI-siderophore","petrobactin",1,"Bacillus","GCF_020809145.1","GCF_020809145.1_petrobactin"
"GCF_001420855.1_NZ_CP013055.1.region008",1,"\\192.168.1.106\Pdisk7\yll\Bacillus_new\antismash_results\GCF_001420855.1\index.html","#r1c8","NI-siderophore","petrobactin",1,"Bacillus","GCF_001420855.1","GCF_001420855.1_petrobactin"
"GCF_028356755.1_NZ_CP116325.1.region002",1,"\\192.168.1.106\Pdisk7\yll\Bacillus_new\antismash_results\GCF_028356755.1\index.html","#r1c2","NI-siderophore","petrobactin",1,"Bacillus","GCF_028356755.1","GCF_028356755.1_petrobactin"
"GCF_046599155.1_NZ_CP158703.1.region003",1,"\\192.168.1.106\Pdisk7\yll\Bacillus_new\antismash_results\GCF_046599155.1\index.html","#r1c3","NI-siderophore","petrobactin",1,"Bacillus","GCF_046599155.1","GCF_046599155.1_petrobactin"
"GCF_001618665.1_NZ_CP015150.1.region003",1,"\\192.168.1.106\Pdisk7\yll\Bacillus_new\antismash_results\GCF_001618665.1\index.html","#r1c3","NI-siderophore","petrobactin",1,"Bacillus","GCF_001618665.1","GCF_001618665.1_petrobactin"
"GCF_000338755.1_NC_020238.1.region003",1,"\\192.168.1.106\Pdisk7\yll\Bacillus_new\antismash_results\GCF_000338755.1\index.html","#r1c3","NI-siderophore","petrobactin",1,"Bacillus","GCF_000338755.1","GCF_000338755.1_petrobactin"
"GCF_000717535.1_NZ_CP004870.1.region003",1,"\\192.168.1.106\Pdisk7\yll\Bacillus_new\antismash_results\GCF_000717535.1\index.html","#r1c3","NI-siderophore","petrobactin",1,"Bacillus","GCF_000717535.1","GCF_000717535.1_petrobactin"
"GCF_000688795.1_NZ_CP004858.1.region003",1,"\\192.168.1.106\Pdisk7\yll\Bacillus_new\antismash_results\GCF_000688795.1\index.html","#r1c3","NI-siderophore","petrobactin",1,"Bacillus","GCF_000688795.1","GCF_000688795.1_petrobactin"
"GCF_023921665.1_NZ_CP072691.1.region008",1,"\\192.168.1.106\Pdisk7\yll\Bacillus_new\antismash_results\GCF_023921665.1\index.html","#r1c8","NI-siderophore","petrobactin",1,"Bacillus","GCF_023921665.1","GCF_023921665.1_petrobactin"
"GCF_900635765.1_NZ_LR134165.1.region011",13,"\\192.168.1.106\Pdisk7\yll\Bacillus_new\antismash_results\GCF_900635765.1\index.html","#r1c11","NRP-metallophore,NRPS","bacillibactin/bacillibactin E/bacillibactin F",1,"Bacillus","GCF_900635765.1","GCF_900635765.1_bacillibactin/bacillibactin E/bacillibactin F"
"GCF_029000405.1_NZ_CP118744.1.region011",13,"\\192.168.1.106\Pdisk7\yll\Bacillus_new\antismash_results\GCF_029000405.1\index.html","#r1c11","NRP-metallophore,NRPS","bacillibactin/bacillibactin E/bacillibactin F",1,"Bacillus","GCF_029000405.1","GCF_029000405.1_bacillibactin/bacillibactin E/bacillibactin F"
"GCF_018324565.1_NZ_AP023089.1.region007",13,"\\192.168.1.106\Pdisk7\yll\Bacillus_new\antismash_results\GCF_018324565.1\index.html","#r1c7","NRP-metallophore,NRPS","bacillibactin/bacillibactin E/bacillibactin F",1,"Bacillus","GCF_018324565.1","GCF_018324565.1_bacillibactin/bacillibactin E/bacillibactin F"
"GCF_018324505.1_NZ_AP023088.1.region002",13,"\\192.168.1.106\Pdisk7\yll\Bacillus_new\antismash_results\GCF_018324505.1\index.html","#r1c2","NRP-metallophore,NRPS","bacillibactin/bacillibactin E/bacillibactin F",1,"Bacillus","GCF_018324505.1","GCF_018324505.1_bacillibactin/bacillibactin E/bacillibactin F"
"GCF_031326025.1_NZ_CP133705.1.region013",13,"\\192.168.1.106\Pdisk7\yll\Bacillus_new\antismash_results\GCF_031326025.1\index.html","#r1c13","NRP-metallophore,NRPS","bacillibactin/bacillibactin E/bacillibactin F",1,"Bacillus","GCF_031326025.1","GCF_031326025.1_bacillibactin/bacillibactin E/bacillibactin F"
"GCF_029590455.1_NZ_CP120920.1.region010",13,"\\192.168.1.106\Pdisk7\yll\Bacillus_new\antismash_results\GCF_029590455.1\index.html","#r1c10","NRP-metallophore,NRPS","bacillibactin/bacillibactin E/bacillibactin F",1,"Bacillus","GCF_029590455.1","GCF_029590455.1_bacillibactin/bacillibactin E/bacillibactin F"
"GCF_029536955.1_NZ_CP120601.1.region009",13,"\\192.168.1.106\Pdisk7\yll\Bacillus_new\antismash_results\GCF_029536955.1\index.html","#r1c9","NRP-metallophore,NRPS","bacillibactin/bacillibactin E/bacillibactin F",1,"Bacillus","GCF_029536955.1","GCF_029536955.1_bacillibactin/bacillibactin E/bacillibactin F"
"GCF_029537035.1_NZ_CP120610.1.region011",13,"\\192.168.1.106\Pdisk7\yll\Bacillus_new\antismash_results\GCF_029537035.1\index.html","#r1c11","NRP-metallophore,NRPS","bacillibactin/bacillibactin E/bacillibactin F",1,"Bacillus","GCF_029537035.1","GCF_029537035.1_bacillibactin/bacillibactin E/bacillibactin F"
"GCF_026723705.1_NZ_CP113516.1.region010",13,"\\192.168.1.106\Pdisk7\yll\Bacillus_new\antismash_results\GCF_026723705.1\index.html","#r1c10","NRP-metallophore,NRPS","bacillibactin/bacillibactin E/bacillibactin F",1,"Bacillus","GCF_026723705.1","GCF_026723705.1_bacillibactin/bacillibactin E/bacillibactin F"
"GCF_030123025.1_NZ_CP126091.1.region010",13,"\\192.168.1.106\Pdisk7\yll\Bacillus_new\antismash_results\GCF_030123025.1\index.html","#r1c10","NRP-metallophore,NRPS","bacillibactin/bacillibactin E/bacillibactin F",1,"Bacillus","GCF_030123025.1","GCF_030123025.1_bacillibactin/bacillibactin E/bacillibactin F"
"GCF_046741665.1_NZ_CP123082.1.region003",1,"\\192.168.1.106\Pdisk7\yll\Staphylococcus\antismash_results\GCF_046741665.1\index.html","#r1c3","NI-siderophore","staphyloferrin B",0.91,"Staphylococcus","GCF_046741665.1","GCF_046741665.1_staphyloferrin B"
"GCF_023158915.1_NZ_CP096114.1.region001",1,"\\192.168.1.106\Pdisk7\yll\Staphylococcus\antismash_results\GCF_023158915.1\index.html","#r1c1","NI-siderophore","staphyloferrin B",0.91,"Staphylococcus","GCF_023158915.1","GCF_023158915.1_staphyloferrin B"
"GCF_023611825.1_NZ_CP086574.1.region001",1,"\\192.168.1.106\Pdisk7\yll\Staphylococcus\antismash_results\GCF_023611825.1\index.html","#r1c1","NI-siderophore","staphyloferrin B",0.91,"Staphylococcus","GCF_023611825.1","GCF_023611825.1_staphyloferrin B"
"GCF_016756375.1_NZ_AP024201.1.region001",1,"\\192.168.1.106\Pdisk7\yll\Staphylococcus\antismash_results\GCF_016756375.1\index.html","#r1c1","NI-siderophore","staphyloferrin B",0.91,"Staphylococcus","GCF_016756375.1","GCF_016756375.1_staphyloferrin B"
"GCF_016756355.1_NZ_AP024200.1.region001",1,"\\192.168.1.106\Pdisk7\yll\Staphylococcus\antismash_results\GCF_016756355.1\index.html","#r1c1","NI-siderophore","staphyloferrin B",0.91,"Staphylococcus","GCF_016756355.1","GCF_016756355.1_staphyloferrin B"
"GCF_038104935.1_NZ_CP151185.1.region001",1,"\\192.168.1.106\Pdisk7\yll\Staphylococcus\antismash_results\GCF_038104935.1\index.html","#r1c1","NI-siderophore","staphyloferrin B",0.91,"Staphylococcus","GCF_038104935.1","GCF_038104935.1_staphyloferrin B"
"GCF_038106905.1_NZ_CP151186.1.region001",1,"\\192.168.1.106\Pdisk7\yll\Staphylococcus\antismash_results\GCF_038106905.1\index.html","#r1c1","NI-siderophore","staphyloferrin B",0.91,"Staphylococcus","GCF_038106905.1","GCF_038106905.1_staphyloferrin B"
"GCF_927312875.1_NZ_OV648025.1.region001",1,"\\192.168.1.106\Pdisk7\yll\Staphylococcus\antismash_results\GCF_927312875.1\index.html","#r1c1","NI-siderophore","staphyloferrin B",0.91,"Staphylococcus","GCF_927312875.1","GCF_927312875.1_staphyloferrin B"
"GCF_022226895.1_NZ_CP092072.1.region001",1,"\\192.168.1.106\Pdisk7\yll\Staphylococcus\antismash_results\GCF_022226895.1\index.html","#r1c1","NI-siderophore","staphyloferrin B",0.91,"Staphylococcus","GCF_022226895.1","GCF_022226895.1_staphyloferrin B"
"GCF_022370435.1_NZ_CP083805.1.region001",1,"\\192.168.1.106\Pdisk7\yll\Staphylococcus\antismash_results\GCF_022370435.1\index.html","#r1c1","NI-siderophore","staphyloferrin B",0.91,"Staphylococcus","GCF_022370435.1","GCF_022370435.1_staphyloferrin B"
"GCF_016455245.1_NZ_CP066708.1.region001",7,"\\192.168.1.106\Pdisk7\yll\Staphylococcus\antismash_results\GCF_016455245.1\index.html","#r1c1","NI-siderophore","staphyloferrin A",1,"Staphylococcus","GCF_016455245.1","GCF_016455245.1_staphyloferrin A"
"GCF_000189495.1_NC_017568.1.region003",7,"\\192.168.1.106\Pdisk7\yll\Staphylococcus\antismash_results\GCF_000189495.1\index.html","#r1c3","NI-siderophore","staphyloferrin A",1,"Staphylococcus","GCF_000189495.1","GCF_000189495.1_staphyloferrin A"
"GCF_034015935.1_NZ_CP120179.1.region001",7,"\\192.168.1.106\Pdisk7\yll\Staphylococcus\antismash_results\GCF_034015935.1\index.html","#r1c1","NI-siderophore","staphyloferrin A",1,"Staphylococcus","GCF_034015935.1","GCF_034015935.1_staphyloferrin A"
"GCF_041014235.1_NZ_CP160191.1.region006",7,"\\192.168.1.106\Pdisk7\yll\Staphylococcus\antismash_results\GCF_041014235.1\index.html","#r1c6","NI-siderophore","staphyloferrin A",1,"Staphylococcus","GCF_041014235.1","GCF_041014235.1_staphyloferrin A"
"GCF_016127335.1_NZ_CP065998.1.region003",7,"\\192.168.1.106\Pdisk7\yll\Staphylococcus\antismash_results\GCF_016127335.1\index.html","#r1c3","NI-siderophore","staphyloferrin A",1,"Staphylococcus","GCF_016127335.1","GCF_016127335.1_staphyloferrin A"
"GCF_045007925.1_NZ_CP119685.1.region003",7,"\\192.168.1.106\Pdisk7\yll\Staphylococcus\antismash_results\GCF_045007925.1\index.html","#r1c3","NI-siderophore","staphyloferrin A",1,"Staphylococcus","GCF_045007925.1","GCF_045007925.1_staphyloferrin A"
"GCF_009184785.1_NZ_CP045084.1.region003",7,"\\192.168.1.106\Pdisk7\yll\Staphylococcus\antismash_results\GCF_009184785.1\index.html","#r1c3","NI-siderophore","staphyloferrin A",1,"Staphylococcus","GCF_009184785.1","GCF_009184785.1_staphyloferrin A"
"GCF_009184825.1_NZ_CP045085.1.region003",7,"\\192.168.1.106\Pdisk7\yll\Staphylococcus\antismash_results\GCF_009184825.1\index.html","#r1c3","NI-siderophore","staphyloferrin A",1,"Staphylococcus","GCF_009184825.1","GCF_009184825.1_staphyloferrin A"
"GCF_014353035.1_NZ_CP060700.1.region002",7,"\\192.168.1.106\Pdisk7\yll\Staphylococcus\antismash_results\GCF_014353035.1\index.html","#r1c2","NI-siderophore","staphyloferrin A",1,"Staphylococcus","GCF_014353035.1","GCF_014353035.1_staphyloferrin A"
"GCF_014490535.1_NZ_CP061030.1.region002",7,"\\192.168.1.106\Pdisk7\yll\Staphylococcus\antismash_results\GCF_014490535.1\index.html","#r1c2","NI-siderophore","staphyloferrin A",1,"Staphylococcus","GCF_014490535.1","GCF_014490535.1_staphyloferrin A"
"GCF_002777535.1_NZ_CP022438.1.region004",25,"\\192.168.1.106\Pdisk7\yll\Streptomyces\antismash_results\GCF_002777535.1\index.html","#r1c4","NRP-metallophore,NRPS,NI-siderophore","peucechelin",0.85,"Streptomyces","GCF_002777535.1","GCF_002777535.1_peucechelin"
"GCF_041431415.1_NZ_CP107845.1.region004",152,"\\192.168.1.106\Pdisk7\yll\Streptomyces\antismash_results\GCF_041431415.1\index.html","#r1c4","lanthipeptide-class-iii,NRP-metallophore,NRPS","fuscachelin A/fuscachelin B/fuscachelin C",0.88,"Streptomyces","GCF_041431415.1","GCF_041431415.1_fuscachelin A/fuscachelin B/fuscachelin C"
"GCF_041432505.1_NZ_CP107871.1.region003",152,"\\192.168.1.106\Pdisk7\yll\Streptomyces\antismash_results\GCF_041432505.1\index.html","#r1c3","NRP-metallophore,NRPS","fuscachelin A/fuscachelin B/fuscachelin C",0.88,"Streptomyces","GCF_041432505.1","GCF_041432505.1_fuscachelin A/fuscachelin B/fuscachelin C"
"GCF_045161805.1_NZ_CP108864.1.region028",152,"\\192.168.1.106\Pdisk7\yll\Streptomyces\antismash_results\GCF_045161805.1\index.html","#r1c28","NRP-metallophore,NRPS","fuscachelin A/fuscachelin B/fuscachelin C",0.88,"Streptomyces","GCF_045161805.1","GCF_045161805.1_fuscachelin A/fuscachelin B/fuscachelin C"
"GCF_045160935.1_NZ_CP108142.1.region028",152,"\\192.168.1.106\Pdisk7\yll\Streptomyces\antismash_results\GCF_045160935.1\index.html","#r1c28","NRP-metallophore,NRPS","fuscachelin A/fuscachelin B/fuscachelin C",0.88,"Streptomyces","GCF_045160935.1","GCF_045160935.1_fuscachelin A/fuscachelin B/fuscachelin C"
"GCF_036193325.1_NZ_CP108090.1.region027",152,"\\192.168.1.106\Pdisk7\yll\Streptomyces\antismash_results\GCF_036193325.1\index.html","#r1c27","NRP-metallophore,NRPS","fuscachelin A/fuscachelin B/fuscachelin C",0.88,"Streptomyces","GCF_036193325.1","GCF_036193325.1_fuscachelin A/fuscachelin B/fuscachelin C"
"GCF_036010365.1_NZ_CP108554.1.region030",152,"\\192.168.1.106\Pdisk7\yll\Streptomyces\antismash_results\GCF_036010365.1\index.html","#r1c30","NRP-metallophore,NRPS","fuscachelin A/fuscachelin B/fuscachelin C",0.88,"Streptomyces","GCF_036010365.1","GCF_036010365.1_fuscachelin A/fuscachelin B/fuscachelin C"
"GCF_045287305.1_NZ_CP108837.1.region017",152,"\\192.168.1.106\Pdisk7\yll\Streptomyces\antismash_results\GCF_045287305.1\index.html","#r1c17","NRP-metallophore,NRPS","fuscachelin A/fuscachelin B/fuscachelin C",0.88,"Streptomyces","GCF_045287305.1","GCF_045287305.1_fuscachelin A/fuscachelin B/fuscachelin C"
"GCF_045160505.1_NZ_CP108292.1.region003",152,"\\192.168.1.106\Pdisk7\yll\Streptomyces\antismash_results\GCF_045160505.1\index.html","#r1c3","NRP-metallophore,NRPS","fuscachelin A/fuscachelin B/fuscachelin C",0.88,"Streptomyces","GCF_045160505.1","GCF_045160505.1_fuscachelin A/fuscachelin B/fuscachelin C"
"GCF_013364195.1_NZ_CP054918.1.region020",31,"\\192.168.1.106\Pdisk7\yll\Streptomyces\antismash_results\GCF_013364195.1\index.html","#r1c20","aminopolycarboxylic-acid,NI-siderophore","EDHA",0.88,"Streptomyces","GCF_013364195.1","GCF_013364195.1_EDHA"
